article,article_category
NTVSMARTLOW,TRAIN
OBBNIGHTTRAINS,TRAIN
PAODIRECTDEC,TRAIN
PAODIRECTUNI,TRAIN
PARISGERMANY,TRAIN
PARISGERMANYCNL,TRAIN
PARISLUXEMBOURG,TRAIN
PARISMOSCOW,TRAIN
PMP2,PMP
PMP4,PMP
PMP6,PMP
POLANDEXNIGHT,TRAIN
POLANDINNIGHT,TRAIN
PORTEUR,TRAIN
PRESTCFL,CFL
PVDB,PV
PVZ3A1,PV
PVZ3A2,PV
PVZ3A3,PV
PVZ3A5,PV
PVZ3E1,PV
PVZ3E2,PV
PVZ3E3,PV
PVZ3E5,PV
PVZ5A1,PV
PVZ5A2,PV
PVZ5A3,PV
PVZ5A5,PV
PVZ5E1,PV
PVZ5E2,PV
PVZ5E3,PV
PVZ5E5,PV
PVZ6A1,PV
PVZ6A2,PV
PVZ6A3,PV
PVZ6A5,PV
PVZ6E1,PV
PVZ6E2,PV
PVZ6E3,PV
PVZ6E5,PV
RECMISC453,TRAIN
RECMISC510,TRAIN
REGULGDS,GDS
RENFE,TRAIN
RENFEDIRECT,TRAIN
RENFESNCF,TRAIN
RENFESNCFCOOP,TRAIN
RENOUVABO,ABO
RENOUVCC,CCOM
REPASLYRIA,TRAIN
RESERVATION,TRAIN
RESERVATIONDOM,TRAIN
RESERVATIONETR,TRAIN
RESERVATIONINTR,TRAIN
RETRAITTGVEUROPE,RET
RETRAITTHALYS,RET
RETRAITVSC,RET
RITBXLPROVINCE,TRAIN
RITEUROSTAR,TRAIN
RITFRANCEFREIBURGTGV,TRAIN
RITFRANCEITALYTGV,TRAIN
RITFRANCESPAINHSFR,TRAIN
RITFRANCESPAINHSIT,TRAIN
RITLYRIA,TRAIN
RITPARISGERMANY,TRAIN
RITSNCF,TRAIN
RITTHALYS,TRAIN
RIVIERA,TRAIN
RUSSIADOMESTIC,TRAIN
RUSSIAFINLAND,TRAIN
SLOVAKIATRAINS,TRAIN
SLOVENIABUS,TRAIN
SNCB,SNCB
SNCBDIRECT,TRAIN
SNCBSNCF,TRAIN
SNCF,TRAIN
SNCFMISC,TRAIN
SPAINPORTUGAL,TRAIN
SWEDISHTRAINS,TRAIN
SWISSHALFAFRECARD,TRAIN
SWISSPASS,PASS
SWISSTRAVELSYSTEM,TRAIN
SWISSTRPASSHALFFARE,TRAIN
TALGODAY,TRAIN
TCVAUSTRIA,TRAIN
TCVBELGIUM,TRAIN
TCVBULGARIA,TRAIN
TCVCROATIA,TRAIN
TCVCZECH,TRAIN
TCVDENMARK,TRAIN
TCVENGLAND,TRAIN
TCVFINLAND,TRAIN
TCVFRANCE,TRAIN
TCVGERMANY,TRAIN
TCVGREECE,TRAIN
TCVGROUP,TRAIN
TCVGROUPRESA,TRAIN
TCVHUNGARIA,TRAIN
TCVINDIVIDUAL,TRAIN
TCVINTERNATIONAL,TRAIN
TCVIRELAND,TRAIN
TCVITALY,TRAIN
TCVLUXEMBOURG,TRAIN
TCVNETHERLANDS,TRAIN
TCVNORMAY,TRAIN
TCVPOLAND,TRAIN
TCVPORTUGAL,TRAIN
TCVREGULAR,TRAIN
TCVROMANIA,TRAIN
TCVRUSSIA,TRAIN
TCVSERBIA,TRAIN
TCVSLOVAKIA,TRAIN
TCVSLOVENIA,TRAIN
TCVSWEDEN,TRAIN
TCVSWISS,TRAIN
TCVSWISSLYRIA,TRAIN
THALYS,TRAIN
ABS-ADS,TRAIN
ACOMPTE,ACOM
ARTESIAJOUR,TRAIN
ARTESIANUIT,TRAIN
AUTOTRAIN,TRAIN
B2B,TRAIN
BERLINWARSAWEXPRESS,TRAIN
BOUTIQUE,BO
BPROMO,PROMO
BPROMOPEL,PROMO
BRITRAIL,TRAIN
BXLPROVINCE,TRAIN
C1225,CCOM
CENFANT,CCOM
CESCAPADE,CCOM
CFF,TRAIN
CFFDIRECT,TRAIN
CFFSNCF,TRAIN
CFL,TRAIN
CGRANDVOYAGEUR,CCOM
CHEQUECADEAU,TRAIN
CITYNIGHTLINE,TRAIN
COLIBRI,TRAIN
COMMISSION,COMM
COMMISSIONPM,COMM
COMMISSIONPV,COMM
COMPMP,COMM
COMPV,COMM
COMQUANTITATIVE,CQUAN
COMRESEAUX,CRES
CSENIOR,CCOM
CZECHTRAINS,TRAIN
DB,TRAIN
DBCITYNIGHTLINE,TRAIN
DBGLOBALPRICE,TRAIN
DBRESERVATION,TRAIN
DBTICKETS,TRAIN
DOM,SNCB
DOMFINLAND,TRAIN
DUPLICATABFRF,CCOM
DUPLICATABO,CCOM
DUPLICATACC,CCOM
ECHATL,TRAIN
ECHGEARTSA,TRAIN
ECHGEBXLPRVF,TRAIN
ECHGECTNGHL,TRAIN
ECHGEELIPS,TRAIN
ECHGEEURST,TRAIN
ECHGEGVEMED,TRAIN
ECHGEINTE,TRAIN
ECHGEITALIE,TRAIN
ECHGELYRIA,TRAIN
ECHGEPARALLJ,TRAIN
ECHGEPARALLN,TRAIN
ECHGERIVRA,TRAIN
ECHGESNCF,TRAIN
ECHGESPGNE,TRAIN
ECHGETGVEUR,TRAIN
ECHGETHLYS,TRAIN
ECHGETRSKI,TRAIN
ELIPSOS,TRAIN
EURONET,BO
EURONETFEES,EUFEE
EUROSTAR,TRAIN
EUROSTARDUTCHCONNECT,TRAIN
EUROSTARFRCONNECT,TRAIN
FINLANDRUSSIA,TRAIN
FORFHEBDO,ABO
FORFMENS,ABO
FRAGERDBFRACON,TRAIN
FRAISADMINISTRATIF,FRAIS
FRAISAPRESVENTE,FRAIS
FRAISBANCAIRE,FRAIS
FRAISDUPLICATA,FRAIS
FRAISECHGETGVEU,FRAIS
FRAISECHGEVSC,FRAIS
FRAISENVOI,FRAIS
FRAISPOSTAUX,FRAIS
FRAISTRAJET,FRAIS
FRANCEFREIBURGTGV,TRAIN
FRANCEITALYTGV,TRAIN
FRANCERAILPASS,PASS
FRANCESPAINHSF,TRAIN
FRANCESPAINHSIT,TRAIN
FRANCESPAINTGV,TRAIN
FREQ12,ABO
FREQ3,ABO
FREQ6,ABO
GDS,GDS
GDSBXLPROV,GDS
GDSEUROSTAR,GDS
GDSTER,GDS
GDSTHALYS,GDS
GDSTRANS,GDS
GENEVEMED,TRAIN
GERITALDAY,TRAIN
HUNGARIANTRAIN,TRAIN
INTCROATIA,TRAIN
INTERRAILATTICAPASS,PASS
INTERRAILGLOBAL,PASS
INTERRAILGLOBALPROM,PASS
INTERRAILONECOUNTRY,PASS
INTERRAILONECRYPROM,PASS
INTRAILONECOUNTRYBE,PASS
INTRAILONECOUNTRYCH,PASS
INTRAILONECOUNTRYDE,PASS
INTRAILONECOUNTRYES,PASS
INTRAILONECOUNTRYFR,PASS
INTRAILONECOUNTRYIT,PASS
INTRAILONECOUNTRYITP,PASS
INTRAILONECOUNTRYUK,PASS
LUXEMBOURGBUS,TRAIN
LYRIA,TRAIN
MOSAIQUE,BO
NS,TRAIN
NTVBASECLAD,TRAIN
NTVBASECLCH,TRAIN
NTVBASEPRAD,TRAIN
NTVBASEPRCH,TRAIN
NTVBASESALAD,TRAIN
NTVBASESALCH,TRAIN
NTVBASESMAD,TRAIN
NTVBASESMCH,TRAIN
NTVCARFEES,TRAIN
NTVCLUBBASE,TRAIN
NTVCLUBECO,TRAIN
NTVECONOMYCLAD,TRAIN
NTVECONOMYCLCH,TRAIN
NTVECONOMYPRAD,TRAIN
NTVECONOMYPRCH,TRAIN
NTVECONOMYSALAD,TRAIN
NTVECONOMYSALCH,TRAIN
NTVECONOMYSMAD,TRAIN
NTVECONOMYSMCH,TRAIN
NTVFLEXSALAD,TRAIN
NTVITALO,TRAIN
NTVITINSIEMEPRAD,TRAIN
NTVITINSIEMEPRCH,TRAIN
NTVITINSIEMESMAD,TRAIN
NTVITINSIEMESMCH,TRAIN
NTVLOWCOSTPRAD,TRAIN
NTVLOWCOSTPRCH,TRAIN
NTVLOWCOSTSMAD,TRAIN
NTVLOWCOSTSMCH,TRAIN
NTVLOWCOSTXLAD,TRAIN
NTVLOWCOSTXLCH,TRAIN
NTVPRIMABASE,TRAIN
NTVPRIMAECO,TRAIN
NTVPRIVFARGROUP,TRAIN
NTVPRIVFARTO,TRAIN
NTVPROMOITAD,TRAIN
NTVPROMOITCH,TRAIN
NTVRITTOPRAD,TRAIN
NTVRITTOPRCH,TRAIN
NTVRITTOSMAD,TRAIN
NTVRITTOSMCH,TRAIN
NTVSMARTBASE,TRAIN
NTVSMARTECO,TRAIN
THALYSWIFI,TRAIN
TIDIRECT,TRAIN
TNTHALYS,TRAIN
TODBRUCF1,TRAIN
TODBRUCF2,TRAIN
TODPARCF1,TRAIN
TODPARCF2,TRAIN
TRAINHOTEL,TRAIN
TRENITALIADIRECTDEC,TRAIN
TRENITALIADIRECTUNI,TRAIN
TRENITALIADOMESTIC,TRAIN
TRENITALIAINTERNAT,TRAIN
TRESKI,TRAIN
TSGLFAFFCFL,TSGLF
TSGLFAFFNS,TSGLF
TSGLFAFFSNCB,TSGLF
TSGLFAFFSNCF,TSGLF
TSGLFPELCFL,TSGLF
TSGLFPELNS,TSGLF
TSGLFPELSNCB,TSGLF
TSGLFPELSNCF,TSGLF
TSREAFF,TSRE
TSREPEL,TSRE
VENTEEUROSTAR,TRAIN
VENTESTGB,TRAIN
VENTETHALYS,TRAIN
ZABONNEMENT,LOCAL
ZARVMNGTFEES,MET
ZASSISTANCEMKGREP,MET
ZASSISTVIE,MET
ZASSURAUTRE,LOCAL
ZASSURINCENDIE,MET
ZASSURRC,MET
ZAUTRECONSOMMABLE,LOCAL
ZAVOCAT,MET
ZBUREAU,LOCAL
ZCAC,MET
ZCANTINE,LOCAL
ZCHEQUEREPAS,MET
ZCHGLOCHORSSIEGE,LOCAL
ZCHGLOCSIEGE,LOCAL
ZCONSULTANT,MET
ZCONTENU,MET
ZDEMENAGEMENT,LOCAL
ZDEMENAGEMENTPERSO,MET
ZDETACHESNCF,MET
ZDETACHEVSC,MET
ZECARTSNCF,GEN
ZENTRETIENBIENIMMO,LOCAL
ZERRAGENT,GECOM
ZERRSYSTEME,GECOM
ZEXPERTFISCAL,MET
ZFORMATION,MET
ZFRAISDEMENAGEMENT,LOCAL
ZGESTECOMMERCIAL,GECOM
ZGESTECOMMKG,GECOM
ZGESTIONPERSONNEL,MET
ZIFEELGOOD,LOCAL
ZIMMOAMENAGEMENT,LOCAL
ZIMMOBUREAU,LOCAL
ZIMMOEURONET,INFO
ZIMMOINCORP,INFO
ZIMMOINFO,INFO
ZIMMOLICLOG,INFO
ZIMMOMOBILIER,LOCAL
ZIMMOOTIVO,INFO
ZIMMOSITINTER,INFO
ZIMMOWEB,MET
ZIMPRIMERIE,LOCAL
ZINFODIV,INFO
ZINFOIMMO,INFO
ZINFOPREST,INFO
ZINTERIM,MET
ZINTERIMAIRE,MET
ZINTERNET,INFO
ZINVENTAIRE,MET
ZLOCATIONHORSSIEGE,LOCAL
ZLOCATIONSIEGE,LOCAL
ZLOCAUTRESMAT,LOCAL
ZMAINTENANCEINTERNET,INFO
ZMAINTENANCEMESURE,MET
ZMAINTIER,MET
ZMAINTLICGROUPE,MET
ZMAINTLOGCOMPTA,MET
ZMAINTLOGCRM,MET
ZMAINTREPARATION,LOCAL
ZMAINTSITEWEB,MET
ZMIAINTLOGCRM,MET
ZMKGACTIONTRANSVERSE,MKG
ZMKGANIMATION,MKG
ZMKGCADEAUX,MKG
ZMKGCOMINTERNE,MKG
ZMKGCREAPUB,MKG
ZMKGDECOPLV,MKG
ZMKGDOC,MKG
ZMKGEDUCTOUR,MKG
ZMKGETUDES,MKG
ZMKGEVENTSCLTS,MKG
ZMKGFONDSCLTS,MKG
ZMKGFRHOTEL,MKG
ZMKGFRRESTO,MKG
ZMKGFRTRAJET,MKG
ZMKGIMAGE,MKG
ZMKGINCENTIVE,MKG
ZMKGINSERTPUB,MKG
ZMKGINTERNETPUBLIC,MKG
ZMKGMAILING,MKG
ZMKGOBJETSPROMO,MKG
ZMKGPRESSE,MKG
ZMKGPROJTRANSV,MKG
ZMKGPUBLIC,MKG
ZMKGREFACAUTRETIERS,MKGRF
ZMKGREFACEUROSTAR,MKGRF
ZMKGREFACLYRIA,MKGRF
ZMKGREFACREB,MKGRF
ZMKGREFACRED,MKGRF
ZMKGREFACREE,MKGRF
ZMKGREFACREI,MKGRF
ZMKGREFACRES,MKGRF
ZMKGREFACTHALYS,MKGRF
ZMKGREFERENCEMT,MKG
ZMKGSALONPUBLIC,MKG
ZMKGSALONS,MKG
ZMKGSALONTRADE,MKG
ZMKGSEMINAIRE,MKG
ZMKGSITEINTERNET,MKG
ZMKGSPONSORING,MKG
ZMKGTOUTPUBLIC,MKG
ZMKGTOUTTRADE,MKG
ZMKGTRADE,MKG
ZMKGTRADUCTION,MKG
ZMOBILIERIMMO,LOCAL
ZMOSAIQUE,MET
ZNETTOYAGE,LOCAL
ZOCCASIONNEL,MET
ZPHOTOCOPIE,INFO
ZPRESTSALESFORCE,MET
ZPUBLEGALE,MET
ZRECEPTION,LOCAL
ZRECRUTEMENT,MET
ZREFACINTRAFILIALE,METRF
ZRESEAUENTREP,INFO
ZRESEAUENTREPRISE,INFO
ZSECURITETRAVAIL,MET
ZSEMINAIRERH,MET
ZSUPPORTVENTES,MET
ZSYSTEME,INFO
ZTELFIXECLIENT,INFO
ZTELFIXESUPPORT,INFO
ZTELPORTABLE,INFO
ZTRADUCTION,MET
ZVISITEMEDICALE,MET
